BEGIN TRANSACTION;
CREATE TABLE IF NOT EXISTS "GRUPOS" (
	"GID"	INTEGER,
	"Grupo"	VARCHAR,
	PRIMARY KEY("GID")
);
CREATE TABLE IF NOT EXISTS "USUARIOS" (
	"UID"	INTEGER,
	"Email"	VARCHAR UNIQUE,
	"Salt"	VARCHAR,
	"HASH"	VARCHAR,
	"CERT"	VARCHAR,
	"CT"	INTEGER,
	"BLK"	TIMESTAMP,
	"GID"	INTEGER,
	"ACESSOS"	INTEGER,
	"CONSULTAS"	INTEGER,
	PRIMARY KEY("UID"),
	FOREIGN KEY("GID") REFERENCES "GRUPOS"("GID")
);
CREATE TABLE IF NOT EXISTS "MENSAGENS" (
	"Num"	INTEGER,
	"Descricao"	VARCHAR,
	PRIMARY KEY("Num")
);
CREATE TABLE IF NOT EXISTS "REGISTROS" (
	"Data"	TIMESTAMP,
	"Num_Msg"	INTEGER,
	"Email"	VARCHAR,
	"Arquivo"	VARCHAR,
	FOREIGN KEY("Num_Msg") REFERENCES "MENSAGENS"("Num"),
	FOREIGN KEY("Email") REFERENCES "USUARIOS"("Email")
);
INSERT INTO "GRUPOS" VALUES (1,'Administrador');
INSERT INTO "GRUPOS" VALUES (2,'Usuario');
INSERT INTO "USUARIOS" VALUES (1,'admin@inf1416.puc-rio.br','JvGpLMQPMH','3a530e7c1e6dec02d56551599e585570b263250d','MIID9jCCAt6gAwIBAgIBBjANBgkqhkiG9w0BAQsFADCBhDELMAkGA1UEBhMCQlIxCzAJBgNVBAgMAlJKMQwwCgYDVQQHDANSaW8xDDAKBgNVBAoMA1BVQzEQMA4GA1UECwwHSU5GMTQxNjETMBEGA1UEAwwKQUMgSU5GMTQxNjElMCMGCSqGSIb3DQEJARYWY2FAZ3JhZC5pbmYucHVjLXJpby5icjAeFw0yMjA0MjkxNDAxMzBaFw0yNTA0MjgxNDAxMzBaMHsxCzAJBgNVBAYTAkJSMQswCQYDVQQIDAJSSjEMMAoGA1UECgwDUFVDMRAwDgYDVQQLDAdJTkYxNDE2MRYwFAYDVQQDDA1BZG1pbmlzdHJhdG9yMScwJQYJKoZIhvcNAQkBFhhhZG1pbkBpbmYxNDE2LnB1Yy1yaW8uYnIwggEiMA0GCSqGSIb3DQEBAQUAA4IBDwAwggEKAoIBAQDDnq2WpTioReNQ3EapxCdmUt9khsS2BHf/YB7tjGILCzQegnV1swvcH+xfd9FUjR7pORFSNvrfWKt93t3l2Dc0kCvVffh5BSnXIwwbW94O+E1Yp6pvpyflj8YI+VLy0dNCiszHAF5ux6lRZYcrM4KiJndqeFRnqRP8zWI5O1kJJMXzCqIXwmXtfqVjWiwXTnjU97xfQqKkmAt8Z+uxJaQxdZJBczmo/jQAIz1gx+SXA4TshU5Ra4sQYLo5+FgAfA2vswHGXA6ba3N52wydZ2IYUJL2/YmTyfxzRnsyuqbL+hcOw6bm+g0OEIIC7JduKpinz3BieiO15vameAJlqpedAgMBAAGjezB5MAkGA1UdEwQCMAAwLAYJYIZIAYb4QgENBB8WHU9wZW5TU0wgR2VuZXJhdGVkIENlcnRpZmljYXRlMB0GA1UdDgQWBBSeUNmquC0OBxDLGpUaDNxe1t2EADAfBgNVHSMEGDAWgBQjgTvDGSuVmdnK6jtr/hwkc8KCjjANBgkqhkiG9w0BAQsFAAOCAQEAeF1GIuFAXbRsfuSYaeIOEIBRS88qhXJOTi/lFE4nb4uBni4/Ec9KPZ9jrMyvIhoOl/H07tkwumNmuA3E+jY3kut+LCbd5JjNtrcKBz0PdlqIy/cfY6tmsXAvP4b/gR5B1vVLSGaJ7MG6lIkzURiWXsqGG815dADvMCWR/x+mPg5+tw4SBLwGwcwyJvF7TL2lxdp2hXW9TBEZ0kn0EyhO3Xg527FKUXGJpQyw8czDFxSHrZFeDm+uLjG77PvtXRi1YmKPqCjdhsCYj0uCajrjnZrSZp6qCEU5F6avQC7dPnguWL5HK8LgIXbFxr6ZJlbf/Q7gykQDtPewQWWhMFFTug==',0,0,1,4,0);
INSERT INTO "USUARIOS" VALUES (2,'user02@inf1416.puc-rio.br','9G832OzmYD','26f011ab5a50c6f5b665b3467a8177a8f90ef4cf','MIID9DCCAtygAwIBAgIBCDANBgkqhkiG9w0BAQsFADCBhDELMAkGA1UEBhMCQlIxCzAJBgNVBAgMAlJKMQwwCgYDVQQHDANSaW8xDDAKBgNVBAoMA1BVQzEQMA4GA1UECwwHSU5GMTQxNjETMBEGA1UEAwwKQUMgSU5GMTQxNjElMCMGCSqGSIb3DQEJARYWY2FAZ3JhZC5pbmYucHVjLXJpby5icjAeFw0yMjA0MjkxNDAzMDhaFw0yNTA0MjgxNDAzMDhaMHkxCzAJBgNVBAYTAkJSMQswCQYDVQQIDAJSSjEMMAoGA1UECgwDUFVDMRAwDgYDVQQLDAdJTkYxNDE2MRMwEQYDVQQDDApVc3VhcmlvIDAyMSgwJgYJKoZIhvcNAQkBFhl1c2VyMDJAaW5mMTQxNi5wdWMtcmlvLmJyMIIBIjANBgkqhkiG9w0BAQEFAAOCAQ8AMIIBCgKCAQEAtCUDXo2E6vE2ZxvQuX86AZfAA7twRLvJBjP9rGOJR2WlrL6PFc9E1qM18m7ySdAWn5ggb73LLL+UQJRmUeCKxWIK5su2lW6zQ+RZIBFrDjyUFy/wkcXfS+KgtqLn3n9tO7AsZGU7MBzyXBF+SgYwwaueEVtdDtKJ5T+9kwPh5W18GVf0bPa/1n9lKBJQAoOprnmB09DO4UXYh1eSw5TbTDIj2kNf/FpewEt+9y/Nx6vYpqRNo+8XUhPOpziP9cisGuH/cvVlwrjjPH9+sBZzJ8spPqcPvR6oBqsuA9JGXQjPr1MM0ucFh2YVI3bGdnbUQqsMIvQ7zJGsY6fEp2Up2QIDAQABo3sweTAJBgNVHRMEAjAAMCwGCWCGSAGG+EIBDQQfFh1PcGVuU1NMIEdlbmVyYXRlZCBDZXJ0aWZpY2F0ZTAdBgNVHQ4EFgQUwybfoeS/jWeq/BR0lJDec89vCbgwHwYDVR0jBBgwFoAUI4E7wxkrlZnZyuo7a/4cJHPCgo4wDQYJKoZIhvcNAQELBQADggEBACRYh25p7DwBWFK5Z0h/VEVMDYVFkAxiyRvr3RKRgBsIL4pI2KGJqVLSyNvGqtrZ77sVkwycvX59MFYrK3r2Pb7HKbbk716laSay/Lrc8lPgG6Y/gsJzsQMkzJ9be1Pb2u0WAxL8BoSaYiK8TI3RzKh2d4kqw0STTxybgwXsSCxmnZOmoHxVuba9l9UdiY+ekqLb2QsDDWvhBv+6l/TyWTX51DcZWsGxpE3jk36O9uhtHiirrixsDjACNbRfbBZP0ccjZYryTGa3OgN2YVA+PtA05AFnmiAmwwv39OI7a9xIB55l8s8Lu9Lu0JzlCRvzTAJXQuMEC8X57S01gXvRuw8=',0,1653343966398,2,0,0);
INSERT INTO "USUARIOS" VALUES (3,'user03@inf1416.puc-rio.br','NLQ4M04jiW','89ebafc6beb4c258cc2a88f8e68d326b44249d79','MIID9DCCAtygAwIBAgIBCTANBgkqhkiG9w0BAQsFADCBhDELMAkGA1UEBhMCQlIxCzAJBgNVBAgMAlJKMQwwCgYDVQQHDANSaW8xDDAKBgNVBAoMA1BVQzEQMA4GA1UECwwHSU5GMTQxNjETMBEGA1UEAwwKQUMgSU5GMTQxNjElMCMGCSqGSIb3DQEJARYWY2FAZ3JhZC5pbmYucHVjLXJpby5icjAeFw0yMjA0MjkxNDAzMjFaFw0yNTA0MjgxNDAzMjFaMHkxCzAJBgNVBAYTAkJSMQswCQYDVQQIDAJSSjEMMAoGA1UECgwDUFVDMRAwDgYDVQQLDAdJTkYxNDE2MRMwEQYDVQQDDApVc3VhcmlvIDAzMSgwJgYJKoZIhvcNAQkBFhl1c2VyMDNAaW5mMTQxNi5wdWMtcmlvLmJyMIIBIjANBgkqhkiG9w0BAQEFAAOCAQ8AMIIBCgKCAQEA2vbFwuMKFMKcXnEXOumehObPEfaprFzzehgickUZSXZjy0y7qu6912d8xWGxLVdpMP2VahTDHExX5H7ROPVGvfdobXx+aOFW9/2LQVzTQixEcO3rq9TIn1uX78VjKVwjD1+i8O66KkW+lJ/yXnFMhNcpcRreW4wrEijUy33DQI3ZT7wWk/sIycWoi30bR9HA4R3S99JuPss15Y26k6NZawxU2KY6ZwDrTim37KOarIPhe0wJDVeSYIWdWBGTgbrRYCIsO2mfDGenCxU3WiQYFq+r+xXbzfZQpKgIua6u4xaKml+CfPu1u703h0K4rQrPR1U8b+BSIKd729ZnatHx5QIDAQABo3sweTAJBgNVHRMEAjAAMCwGCWCGSAGG+EIBDQQfFh1PcGVuU1NMIEdlbmVyYXRlZCBDZXJ0aWZpY2F0ZTAdBgNVHQ4EFgQUrBqJ2IKsR/uJg2e8ZWZFc6BmvdQwHwYDVR0jBBgwFoAUI4E7wxkrlZnZyuo7a/4cJHPCgo4wDQYJKoZIhvcNAQELBQADggEBAEqIGGtdu4wZMcjbZEGRUrj3B7WSSTVH/ObtsOsKlPcwuWmZ/P2uvSNVsJWqYIrrpjJsszsEEGPficF62L/u93lkIlvc6V5Cs/3bEZcVkCYHI0unOReFOeUMPtTdPzbPd35tWWg8LuhZyyEAcHldUVsz6EFaYrwlveuDGPDC3pT4v6naIq2RjcJNmrA+8/AfTD9UzN2YjwGvid1BcKggGu8yy7O+0ypND9TUovMlk2J0TX7SJ8ZVjM4vLVaklFD817WuhlAHhYyl2dvOsacJEAnpKMtL2P6MTP/TyMhRQrodyRWMEK45QLffiwfyGVS3nDQ5FPcdHphy0JmR/CwQLoI=',0,1653344118193,2,0,0);
INSERT INTO "USUARIOS" VALUES (4,'user04@inf1416.puc-rio.br','xcpaKK3osJ','91c5a1cdc2cc19663dcc1f21776d29f85758f3b1','MIID9DCCAtygAwIBAgIBCjANBgkqhkiG9w0BAQsFADCBhDELMAkGA1UEBhMCQlIxCzAJBgNVBAgMAlJKMQwwCgYDVQQHDANSaW8xDDAKBgNVBAoMA1BVQzEQMA4GA1UECwwHSU5GMTQxNjETMBEGA1UEAwwKQUMgSU5GMTQxNjElMCMGCSqGSIb3DQEJARYWY2FAZ3JhZC5pbmYucHVjLXJpby5icjAeFw0yMjA0MjkxNDAzMzNaFw0yNTA0MjgxNDAzMzNaMHkxCzAJBgNVBAYTAkJSMQswCQYDVQQIDAJSSjEMMAoGA1UECgwDUFVDMRAwDgYDVQQLDAdJTkYxNDE2MRMwEQYDVQQDDApVc3VhcmlvIDA0MSgwJgYJKoZIhvcNAQkBFhl1c2VyMDRAaW5mMTQxNi5wdWMtcmlvLmJyMIIBIjANBgkqhkiG9w0BAQEFAAOCAQ8AMIIBCgKCAQEAxTxRUatF0qt39AzoK+7RjV6nESmxyQTWBSsAaZGrLCto+Zz5rvw5/8fRo+9UuYwdcYBPbgKLBqQkarpOL2GqdHqUsyyHqqpOKgBc9Hy954O8oau1/W0ti7jxPukuv0QBOFawArd8iYuddzvGHfCRQbLbamvS3+heFThuzWVvvFXewDD0VdnI9Dq6IR17MEEvSnHkHc4WVRp+lnWqHnkJMQlrOdAWhdF90OxcGUMNk2tbWdZ4L8C7YHsHU/lCu9I9fo+OrN23ftBHaUDy4C/iuwizgvCGYaRXNJY7/IVodk0SlzOCRXOR4yLhbkhFnhpOTfpbmGEBpM2D63RTFdtzCQIDAQABo3sweTAJBgNVHRMEAjAAMCwGCWCGSAGG+EIBDQQfFh1PcGVuU1NMIEdlbmVyYXRlZCBDZXJ0aWZpY2F0ZTAdBgNVHQ4EFgQULPHsSFw5tP58eYjW4Ahkaw0ciakwHwYDVR0jBBgwFoAUI4E7wxkrlZnZyuo7a/4cJHPCgo4wDQYJKoZIhvcNAQELBQADggEBADYsFeK/fjnHNhQDH1axNpCWgLMEVYNfePbfxO117SYD/ipnKdWqPBUZci11XAZ3Ec/ATA6HCqUlHE8K/W7ntQ6lcDMhZ8k/gTR70RdJprbvyC129iyNm5s9cT5HwbZ9yiOvKHH/iv0EqPWh7Lw0g4TLXup4nFFiHV0aCn2+v4fuWILEXY3tnsWldyUDw/t+3ZFyJMV5d9gfxy1pgEflslIP7puH/XLxuSKyk3874Wkuz7nSoAx1f+OnIsKWfVbqEauDnrl15QI5xqEiOUXYygegdbwzs+4ji2GC1FlLeHUHrhHjFlCqcm4+fnXup5sRdjEeVAKYAyeH4rWACOjXFQM=',0,0,2,2,4);
INSERT INTO "MENSAGENS" VALUES (1001,'Sistema iniciado.');
INSERT INTO "MENSAGENS" VALUES (1002,'Sistema encerrado.');
INSERT INTO "MENSAGENS" VALUES (2001,'Autenticacao etapa 1 iniciada.');
INSERT INTO "MENSAGENS" VALUES (2002,'Autenticaaco etapa 1 encerrada.');
INSERT INTO "MENSAGENS" VALUES (2003,'Login name <login_name> identificado com acesso liberado.');
INSERT INTO "MENSAGENS" VALUES (2004,'Login name <login_name> identificado com acesso bloqueado.');
INSERT INTO "MENSAGENS" VALUES (2005,'Login name <login_name> nao identificado.');
INSERT INTO "MENSAGENS" VALUES (3001,'Autenticacao etapa 2 iniciada para <login_name>.');
INSERT INTO "MENSAGENS" VALUES (3002,'Autenticacao etapa 2 encerrada para <login_name>.');
INSERT INTO "MENSAGENS" VALUES (3003,'Senha pessoal verificada positivamente para <login_name>.');
INSERT INTO "MENSAGENS" VALUES (3004,'Primeiro erro da senha pessoal contabilizado para <login_name>.');
INSERT INTO "MENSAGENS" VALUES (3005,'Segundo erro da senha pessoal contabilizado para <login_name>.');
INSERT INTO "MENSAGENS" VALUES (3006,'Terceiro erro da senha pessoal contabilizado para <login_name>.');
INSERT INTO "MENSAGENS" VALUES (3007,'Acesso do usuario <login_name> bloqueado pela autenticacao etapa 2.');
INSERT INTO "MENSAGENS" VALUES (4001,'Autenticacao etapa 3 iniciada para <login_name>.');
INSERT INTO "MENSAGENS" VALUES (4002,'Autenticacao etapa 3 encerrada para <login_name>.');
INSERT INTO "MENSAGENS" VALUES (4003,'Chave privada verificada positivamente para <login_name>.');
INSERT INTO "MENSAGENS" VALUES (4004,'Chave privada verificada negativamente para <login_name> (caminho invalido).');
INSERT INTO "MENSAGENS" VALUES (4005,'Chave privada verificada negativamente para <login_name> (frase secreta invalida).');
INSERT INTO "MENSAGENS" VALUES (4006,'Chave privada verificada negativamente para <login_name> (assinatura digital invalida).');
INSERT INTO "MENSAGENS" VALUES (4007,'Acesso do usuario <login_name> bloqueado pela autenticacao etapa 3.');
INSERT INTO "MENSAGENS" VALUES (5001,'Tela principal apresentada para <login_name>.');
INSERT INTO "MENSAGENS" VALUES (5002,'Opcao 1 do menu principal selecionada por <login_name>.');
INSERT INTO "MENSAGENS" VALUES (5003,'Opcao 2 do menu principal selecionada por <login_name>.');
INSERT INTO "MENSAGENS" VALUES (5004,'Opcao 3 do menu principal selecionada por <login_name>.');
INSERT INTO "MENSAGENS" VALUES (5005,'Opcao 4 do menu principal selecionada por <login_name>.');
INSERT INTO "MENSAGENS" VALUES (6001,'Tela de cadastro apresentada para <login_name>.');
INSERT INTO "MENSAGENS" VALUES (6002,'Botao cadastrar pressionado por <login_name>.');
INSERT INTO "MENSAGENS" VALUES (6003,'Senha pessoal invalida fornecida por <login_name>.');
INSERT INTO "MENSAGENS" VALUES (6004,'Caminho do certificado digital invalido fornecido por <login_name>.');
INSERT INTO "MENSAGENS" VALUES (6005,'Confirmacao de dados aceita por <login_name>.');
INSERT INTO "MENSAGENS" VALUES (6006,'Confirmacao de dados rejeitada por <login_name>.');
INSERT INTO "MENSAGENS" VALUES (6007,'Botao voltar de cadastro para o menu principal pressionado por <login_name>.');
INSERT INTO "MENSAGENS" VALUES (7001,'Tela de alteracao da senha pessoal e certificado apresentada para <login_name>.');
INSERT INTO "MENSAGENS" VALUES (7002,'Senha pessoal invalida fornecida por <login_name>.');
INSERT INTO "MENSAGENS" VALUES (7003,'Caminho do certificado digital invalido fornecido por <login_name>.');
INSERT INTO "MENSAGENS" VALUES (7004,'Confirmacao de dados aceita por <login_name>.');
INSERT INTO "MENSAGENS" VALUES (7005,'Confirmacao de dados rejeitada por <login_name>.');
INSERT INTO "MENSAGENS" VALUES (7006,'Botao voltar de carregamento para o menu principal pressionado por <login_name>.');
INSERT INTO "MENSAGENS" VALUES (8001,'Tela de consulta de arquivos secretos apresentada para <login_name>.');
INSERT INTO "MENSAGENS" VALUES (8002,'Botao voltar de consulta para o menu principal pressionado por <login_name>.');
INSERT INTO "MENSAGENS" VALUES (8003,'Botao Listar de consulta pressionado por <login_name>.');
INSERT INTO "MENSAGENS" VALUES (8004,'Caminho de pasta invalido fornecido por <login_name>.');
INSERT INTO "MENSAGENS" VALUES (8005,'Arquivo de indice decriptado com sucesso para <login_name>.');
INSERT INTO "MENSAGENS" VALUES (8006,'Arquivo de indice verificado (integridade e autenticidade) com sucesso para <login_name>.');
INSERT INTO "MENSAGENS" VALUES (8007,'Falha na decriptacao do arquivo de indice para <login_name>.');
INSERT INTO "MENSAGENS" VALUES (8008,'Falha na verificacao (integridade e autenticidade) do arquivo de indice para <login_name>.');
INSERT INTO "MENSAGENS" VALUES (8009,'Lista de arquivos presentes no indice apresentada para <login_name>.');
INSERT INTO "MENSAGENS" VALUES (8010,'Arquivo <arq_name> selecionado por <login_name> para decriptacao.');
INSERT INTO "MENSAGENS" VALUES (8011,'Acesso permitido ao arquivo <arq_name> para <login_name>.');
INSERT INTO "MENSAGENS" VALUES (8012,'Acesso negado ao arquivo <arq_name> para <login_name>.');
INSERT INTO "MENSAGENS" VALUES (8013,'Arquivo <arq_name> decriptado com sucesso para <login_name>.');
INSERT INTO "MENSAGENS" VALUES (8014,'Arquivo <arq_name> verificado (integridade e autenticidade) com sucesso para <login_name>.');
INSERT INTO "MENSAGENS" VALUES (8015,'Falha na decriptacao do arquivo <arq_name> para <login_name>.');
INSERT INTO "MENSAGENS" VALUES (8016,'Falha na verificacao (integridade e autenticidade) do arquivo <arq_name> para <login_name>.');
INSERT INTO "MENSAGENS" VALUES (9001,'Tela de saida apresentada para <login_name>.');
INSERT INTO "MENSAGENS" VALUES (9002,'Saida nao liberada por falta de one-time password para <login_name>.');
INSERT INTO "MENSAGENS" VALUES (9003,'Botao sair pressionado por <login_name>.');
INSERT INTO "MENSAGENS" VALUES (9004,'Botao voltar de sair para o menu principal pressionado por <login_name>.');
INSERT INTO "REGISTROS" VALUES (1653343542227,1001,NULL,NULL);
INSERT INTO "REGISTROS" VALUES (1653343542382,2001,NULL,NULL);
INSERT INTO "REGISTROS" VALUES (1653343556272,2003,'admin@inf1416.puc-rio.br',NULL);
INSERT INTO "REGISTROS" VALUES (1653343556377,2002,NULL,NULL);
INSERT INTO "REGISTROS" VALUES (1653343556467,3001,'admin@inf1416.puc-rio.br',NULL);
INSERT INTO "REGISTROS" VALUES (1653343577379,3003,'admin@inf1416.puc-rio.br',NULL);
INSERT INTO "REGISTROS" VALUES (1653343577474,3002,'admin@inf1416.puc-rio.br',NULL);
INSERT INTO "REGISTROS" VALUES (1653343577563,4001,'admin@inf1416.puc-rio.br',NULL);
INSERT INTO "REGISTROS" VALUES (1653343622275,4003,'admin@inf1416.puc-rio.br',NULL);
INSERT INTO "REGISTROS" VALUES (1653343622460,4002,'admin@inf1416.puc-rio.br',NULL);
INSERT INTO "REGISTROS" VALUES (1653343622551,5001,'admin@inf1416.puc-rio.br',NULL);
INSERT INTO "REGISTROS" VALUES (1653343628010,5002,'admin@inf1416.puc-rio.br',NULL);
INSERT INTO "REGISTROS" VALUES (1653343628115,6001,'admin@inf1416.puc-rio.br',NULL);
INSERT INTO "REGISTROS" VALUES (1653343719121,6003,'admin@inf1416.puc-rio.br',NULL);
INSERT INTO "REGISTROS" VALUES (1653343743796,6002,'admin@inf1416.puc-rio.br',NULL);
INSERT INTO "REGISTROS" VALUES (1653343750822,6005,'admin@inf1416.puc-rio.br',NULL);
INSERT INTO "REGISTROS" VALUES (1653343751078,5001,'admin@inf1416.puc-rio.br',NULL);
INSERT INTO "REGISTROS" VALUES (1653343762814,5002,'admin@inf1416.puc-rio.br',NULL);
INSERT INTO "REGISTROS" VALUES (1653343762916,6001,'admin@inf1416.puc-rio.br',NULL);
INSERT INTO "REGISTROS" VALUES (1653343798116,6002,'admin@inf1416.puc-rio.br',NULL);
INSERT INTO "REGISTROS" VALUES (1653343801893,6005,'admin@inf1416.puc-rio.br',NULL);
INSERT INTO "REGISTROS" VALUES (1653343802155,5001,'admin@inf1416.puc-rio.br',NULL);
INSERT INTO "REGISTROS" VALUES (1653343805001,5002,'admin@inf1416.puc-rio.br',NULL);
INSERT INTO "REGISTROS" VALUES (1653343805111,6001,'admin@inf1416.puc-rio.br',NULL);
INSERT INTO "REGISTROS" VALUES (1653343838059,6002,'admin@inf1416.puc-rio.br',NULL);
INSERT INTO "REGISTROS" VALUES (1653343843218,6005,'admin@inf1416.puc-rio.br',NULL);
INSERT INTO "REGISTROS" VALUES (1653343843562,5001,'admin@inf1416.puc-rio.br',NULL);
INSERT INTO "REGISTROS" VALUES (1653343848330,5005,'admin@inf1416.puc-rio.br',NULL);
INSERT INTO "REGISTROS" VALUES (1653343848442,9001,'admin@inf1416.puc-rio.br',NULL);
INSERT INTO "REGISTROS" VALUES (1653343850625,9003,'admin@inf1416.puc-rio.br',NULL);
INSERT INTO "REGISTROS" VALUES (1653343850757,1002,NULL,NULL);
INSERT INTO "REGISTROS" VALUES (1653343896208,1001,NULL,NULL);
INSERT INTO "REGISTROS" VALUES (1653343896321,2001,NULL,NULL);
INSERT INTO "REGISTROS" VALUES (1653343905946,2002,NULL,NULL);
INSERT INTO "REGISTROS" VALUES (1653343906044,2001,NULL,NULL);
INSERT INTO "REGISTROS" VALUES (1653343924355,2003,'user02@inf1416.puc-rio.br',NULL);
INSERT INTO "REGISTROS" VALUES (1653343924469,2002,NULL,NULL);
INSERT INTO "REGISTROS" VALUES (1653343924560,3001,'user02@inf1416.puc-rio.br',NULL);
INSERT INTO "REGISTROS" VALUES (1653343946266,3004,'user02@inf1416.puc-rio.br',NULL);
INSERT INTO "REGISTROS" VALUES (1653343946378,3001,'user02@inf1416.puc-rio.br',NULL);
INSERT INTO "REGISTROS" VALUES (1653343957546,3005,'user02@inf1416.puc-rio.br',NULL);
INSERT INTO "REGISTROS" VALUES (1653343957637,3001,'user02@inf1416.puc-rio.br',NULL);
INSERT INTO "REGISTROS" VALUES (1653343966588,3006,'user02@inf1416.puc-rio.br',NULL);
INSERT INTO "REGISTROS" VALUES (1653343966688,3007,'user02@inf1416.puc-rio.br',NULL);
INSERT INTO "REGISTROS" VALUES (1653343966788,3002,'user02@inf1416.puc-rio.br',NULL);
INSERT INTO "REGISTROS" VALUES (1653343966885,2001,NULL,NULL);
INSERT INTO "REGISTROS" VALUES (1653343980340,2004,'user02@inf1416.puc-rio.br',NULL);
INSERT INTO "REGISTROS" VALUES (1653343980434,2002,NULL,NULL);
INSERT INTO "REGISTROS" VALUES (1653343980530,2001,NULL,NULL);
INSERT INTO "REGISTROS" VALUES (1653343994671,2003,'user03@inf1416.puc-rio.br',NULL);
INSERT INTO "REGISTROS" VALUES (1653343994775,2002,NULL,NULL);
INSERT INTO "REGISTROS" VALUES (1653343994874,3001,'user03@inf1416.puc-rio.br',NULL);
INSERT INTO "REGISTROS" VALUES (1653344014566,3003,'user03@inf1416.puc-rio.br',NULL);
INSERT INTO "REGISTROS" VALUES (1653344014677,3002,'user03@inf1416.puc-rio.br',NULL);
INSERT INTO "REGISTROS" VALUES (1653344014767,4001,'user03@inf1416.puc-rio.br',NULL);
INSERT INTO "REGISTROS" VALUES (1653344047437,4001,'user03@inf1416.puc-rio.br',NULL);
INSERT INTO "REGISTROS" VALUES (1653344073439,4005,'user03@inf1416.puc-rio.br',NULL);
INSERT INTO "REGISTROS" VALUES (1653344073634,4001,'user03@inf1416.puc-rio.br',NULL);
INSERT INTO "REGISTROS" VALUES (1653344099813,4006,'user03@inf1416.puc-rio.br',NULL);
INSERT INTO "REGISTROS" VALUES (1653344100013,4001,'user03@inf1416.puc-rio.br',NULL);
INSERT INTO "REGISTROS" VALUES (1653344118086,4005,'user03@inf1416.puc-rio.br',NULL);
INSERT INTO "REGISTROS" VALUES (1653344118388,4007,'user03@inf1416.puc-rio.br',NULL);
INSERT INTO "REGISTROS" VALUES (1653344118497,4002,'user03@inf1416.puc-rio.br',NULL);
INSERT INTO "REGISTROS" VALUES (1653344118596,2001,NULL,NULL);
INSERT INTO "REGISTROS" VALUES (1653344131112,2004,'user03@inf1416.puc-rio.br',NULL);
INSERT INTO "REGISTROS" VALUES (1653344131215,2002,NULL,NULL);
INSERT INTO "REGISTROS" VALUES (1653344131306,2001,NULL,NULL);
INSERT INTO "REGISTROS" VALUES (1653344155410,2003,'user04@inf1416.puc-rio.br',NULL);
INSERT INTO "REGISTROS" VALUES (1653344155521,2002,NULL,NULL);
INSERT INTO "REGISTROS" VALUES (1653344155620,3001,'user04@inf1416.puc-rio.br',NULL);
INSERT INTO "REGISTROS" VALUES (1653344187061,3003,'user04@inf1416.puc-rio.br',NULL);
INSERT INTO "REGISTROS" VALUES (1653344187161,3002,'user04@inf1416.puc-rio.br',NULL);
INSERT INTO "REGISTROS" VALUES (1653344187252,4001,'user04@inf1416.puc-rio.br',NULL);
INSERT INTO "REGISTROS" VALUES (1653344207419,4005,'user04@inf1416.puc-rio.br',NULL);
INSERT INTO "REGISTROS" VALUES (1653344207617,4001,'user04@inf1416.puc-rio.br',NULL);
INSERT INTO "REGISTROS" VALUES (1653344220450,4003,'user04@inf1416.puc-rio.br',NULL);
INSERT INTO "REGISTROS" VALUES (1653344220756,4002,'user04@inf1416.puc-rio.br',NULL);
INSERT INTO "REGISTROS" VALUES (1653344220856,5001,'user04@inf1416.puc-rio.br',NULL);
INSERT INTO "REGISTROS" VALUES (1653344226761,5003,'user04@inf1416.puc-rio.br',NULL);
INSERT INTO "REGISTROS" VALUES (1653344226874,8001,'user04@inf1416.puc-rio.br',NULL);
INSERT INTO "REGISTROS" VALUES (1653344246630,8003,'user04@inf1416.puc-rio.br',NULL);
INSERT INTO "REGISTROS" VALUES (1653344246808,8005,'user04@inf1416.puc-rio.br',NULL);
INSERT INTO "REGISTROS" VALUES (1653344247021,8009,'user04@inf1416.puc-rio.br',NULL);
INSERT INTO "REGISTROS" VALUES (1653344316598,8010,'user04@inf1416.puc-rio.br','XXYYZZ00');
INSERT INTO "REGISTROS" VALUES (1653344316746,8013,'user04@inf1416.puc-rio.br','XXYYZZ00');
INSERT INTO "REGISTROS" VALUES (1653344316860,8014,'user04@inf1416.puc-rio.br','XXYYZZ00');
INSERT INTO "REGISTROS" VALUES (1653344316972,8001,'user04@inf1416.puc-rio.br',NULL);
INSERT INTO "REGISTROS" VALUES (1653344431536,8003,'user04@inf1416.puc-rio.br',NULL);
INSERT INTO "REGISTROS" VALUES (1653344431656,8005,'user04@inf1416.puc-rio.br',NULL);
INSERT INTO "REGISTROS" VALUES (1653344431905,8009,'user04@inf1416.puc-rio.br',NULL);
INSERT INTO "REGISTROS" VALUES (1653344437746,8010,'user04@inf1416.puc-rio.br','XXYYZZ11');
INSERT INTO "REGISTROS" VALUES (1653344437887,8013,'user04@inf1416.puc-rio.br','XXYYZZ11');
INSERT INTO "REGISTROS" VALUES (1653344437995,8016,'user04@inf1416.puc-rio.br','XXYYZZ11');
INSERT INTO "REGISTROS" VALUES (1653344438080,8001,'user04@inf1416.puc-rio.br',NULL);
INSERT INTO "REGISTROS" VALUES (1653344478051,8003,'user04@inf1416.puc-rio.br',NULL);
INSERT INTO "REGISTROS" VALUES (1653344478197,8005,'user04@inf1416.puc-rio.br',NULL);
INSERT INTO "REGISTROS" VALUES (1653344478437,8009,'user04@inf1416.puc-rio.br',NULL);
INSERT INTO "REGISTROS" VALUES (1653344483220,8010,'user04@inf1416.puc-rio.br','XXYYZZ22');
INSERT INTO "REGISTROS" VALUES (1653344483352,8015,'user04@inf1416.puc-rio.br','XXYYZZ22');
INSERT INTO "REGISTROS" VALUES (1653344595985,1001,NULL,NULL);
INSERT INTO "REGISTROS" VALUES (1653344596133,2001,NULL,NULL);
INSERT INTO "REGISTROS" VALUES (1653344608536,2003,'user04@inf1416.puc-rio.br',NULL);
INSERT INTO "REGISTROS" VALUES (1653344608644,2002,NULL,NULL);
INSERT INTO "REGISTROS" VALUES (1653344608725,3001,'user04@inf1416.puc-rio.br',NULL);
INSERT INTO "REGISTROS" VALUES (1653344632252,3003,'user04@inf1416.puc-rio.br',NULL);
INSERT INTO "REGISTROS" VALUES (1653344632338,3002,'user04@inf1416.puc-rio.br',NULL);
INSERT INTO "REGISTROS" VALUES (1653344632429,4001,'user04@inf1416.puc-rio.br',NULL);
INSERT INTO "REGISTROS" VALUES (1653344664731,4003,'user04@inf1416.puc-rio.br',NULL);
INSERT INTO "REGISTROS" VALUES (1653344664968,4002,'user04@inf1416.puc-rio.br',NULL);
INSERT INTO "REGISTROS" VALUES (1653344665080,5001,'user04@inf1416.puc-rio.br',NULL);
INSERT INTO "REGISTROS" VALUES (1653344668521,5003,'user04@inf1416.puc-rio.br',NULL);
INSERT INTO "REGISTROS" VALUES (1653344668645,8001,'user04@inf1416.puc-rio.br',NULL);
INSERT INTO "REGISTROS" VALUES (1653344689540,8003,'user04@inf1416.puc-rio.br',NULL);
INSERT INTO "REGISTROS" VALUES (1653344689704,8005,'user04@inf1416.puc-rio.br',NULL);
INSERT INTO "REGISTROS" VALUES (1653344689897,8009,'user04@inf1416.puc-rio.br',NULL);
INSERT INTO "REGISTROS" VALUES (1653344697576,8010,'user04@inf1416.puc-rio.br','XXYYZZ33');
INSERT INTO "REGISTROS" VALUES (1653344697813,8013,'user04@inf1416.puc-rio.br','XXYYZZ33');
INSERT INTO "REGISTROS" VALUES (1653344697912,8014,'user04@inf1416.puc-rio.br','XXYYZZ33');
INSERT INTO "REGISTROS" VALUES (1653344698022,8001,'user04@inf1416.puc-rio.br',NULL);
INSERT INTO "REGISTROS" VALUES (1653344738354,8002,'user04@inf1416.puc-rio.br',NULL);
INSERT INTO "REGISTROS" VALUES (1653344738448,5001,'user04@inf1416.puc-rio.br',NULL);
INSERT INTO "REGISTROS" VALUES (1653344739889,5004,'user04@inf1416.puc-rio.br',NULL);
INSERT INTO "REGISTROS" VALUES (1653344739998,9001,'user04@inf1416.puc-rio.br',NULL);
INSERT INTO "REGISTROS" VALUES (1653344741561,9003,'user04@inf1416.puc-rio.br',NULL);
INSERT INTO "REGISTROS" VALUES (1653344741664,1002,NULL,NULL);
COMMIT;
